id,data,label
00039,11bb55f86d9deeee,brake
0010c,28ee3a6d5ff7d829,brake
0016a,74002b8e05013278,brake
001da,05f204ab5e5284e4,brake
002a3,b09400b86b01a1c1,brake
002fd,0981fa59aa448655,brake
00356,8f6438551f5ab5ad,brake
0038d,1cda89e29f6433ff,brake
003b7,8a473a6a5434b6b5,brake
003c2,c7bf13aa131a83dc,brake
003dd,f62042d729c0047c,brake
00440,17e00db8d588ee38,brake
00480,d7e1001b7aa6540d,brake
004ab,62f7c6f97c0513a4,brake
0057c,7c1589b466be6e54,brake
00592,ee010ee098e47ee9,brake
00602,298c01663ef177ca,brake
00635,ec54b3b3575aec6a,brake
00798,c9d400003c6e3096,brake
007ef,9970d71d8ce90a07,brake
00039,11bb55f86d9deeee,brake
0010c,28ee3a6d5ff7d829,brake
0016a,74002b8e05013278,brake
001da,05f204ab5e5284e4,brake
002a3,b09400b86b01a1c1,brake
002fd,0981fa59aa448655,brake
00356,8f6438551f5ab5ad,brake
0038d,1cda89e29f6433ff,brake
003b7,8a473a6a5434b6b5,brake
003c2,c7bf13aa131a83dc,brake
003dd,f62042d729c0047c,brake
00440,17e00db8d588ee38,brake
00480,d7e1001b7aa6540d,brake
004ab,62f7c6f97c0513a4,brake
0057c,7c1589b466be6e54,brake
00592,ee010ee098e47ee9,brake
00602,298c01663ef177ca,brake
00635,ec54b3b3575aec6a,brake
00798,c9d400003c6e3096,brake
007ef,9970d71d8ce90a07,brake
00039,11bb55f86d9deeee,brake
0010c,6dc04993c6eab0aa,brake
0016a,74002b8e05013278,brake
001da,05f204ab5e5284e4,brake
002a3,b09400b86b01a1c1,brake
002fd,0981fa59aa448655,brake
00356,8f6438551f5ab5ad,brake
0038d,a0621cba2b8b23a4,brake
003b7,8a473a6a5434b6b5,brake
003c2,c7bf13aa131a83dc,brake
003dd,972c3d70bdea967e,brake
00440,17e00db8d588ee38,brake
00480,d7e1001b7aa6540d,brake
004ab,62c25387805e5007,brake
0057c,7c1589b466be6e54,brake
00592,c308bd9858bba837,brake
00602,e04b034cefb088c3,brake
00635,e3371d01256a28b4,brake
00798,c9d400003c6e3096,brake
007ef,9970d71d8ce90a07,brake
00039,11bb55f86d9deeee,brake
0010c,6dc04993c6eab0aa,brake
0016a,74002b8e05013278,brake
001da,05f204ab5e5284e4,brake
002a3,b09400b86b01a1c1,brake
002fd,0981fa59aa448655,brake
00356,8f6438551f5ab5ad,brake
0038d,a0621cba2b8b23a4,brake
003b7,8a473a6a5434b6b5,brake
003c2,c7bf13aa131a83dc,brake
003dd,972c3d70bdea967e,brake
00440,17e00db8d588ee38,brake
00480,d7e1001b7aa6540d,brake
004ab,62c25387805e5007,brake
0057c,7c1589b466be6e54,brake
00592,c308bd9858bba837,brake
00602,e04b034cefb088c3,brake
00635,e3371d01256a28b4,brake
00798,c9d400003c6e3096,brake
007ef,9970d71d8ce90a07,brake
00039,11bb55f86d9deeee,brake
0010c,6dc04993c6eab0aa,brake
0016a,74002b8e05013278,brake
001da,05f204ab5e5284e4,brake
002a3,b09400b86b01a1c1,brake
002fd,0981fa59aa448655,brake
00356,8f6438551f5ab5ad,brake
0038d,a0621cba2b8b23a4,brake
003b7,8a473a6a5434b6b5,brake
003c2,c7bf13aa131a83dc,brake
003dd,972c3d70bdea967e,brake
00440,17e00db8d588ee38,brake
00480,d7e1001b7aa6540d,brake
004ab,62c25387805e5007,brake
0057c,7c1589b466be6e54,brake
00592,c308bd9858bba837,brake
00602,e04b034cefb088c3,brake
00635,e3371d01256a28b4,brake
00798,c9d400003c6e3096,brake
007ef,9970d71d8ce90a07,brake
00039,11bb55f86d9deeee,brake
0010c,0964ffa7aef024b2,brake
0016a,74002b8e05013278,brake
001da,05f204ab5e5284e4,brake
002a3,b09400b86b01a1c1,brake
002fd,0981fa59aa448655,brake
00356,8f6438551f5ab5ad,brake
0038d,ab6fe7012e40df04,brake
003b7,8a473a6a5434b6b5,brake
003c2,c7bf13aa131a83dc,brake
003dd,fd3649f4eaf3e110,brake
00440,17e00db8d588ee38,brake
00480,d7e1001b7aa6540d,brake
004ab,62c25387805e5007,brake
0057c,7c1589b466be6e54,brake
00592,3eea7b744e7e4092,brake
00602,11bff2d98fd338ea,brake
00635,ec54b3b3575aec6a,brake
00798,c9d400003c6e3096,brake
007ef,11f329f07dd58a3f,brake
00039,11bb55f86d9deeee,brake
0010c,0964ffa7aef024b2,brake
0016a,74002b8e05013278,brake
001da,05f204ab5e5284e4,brake
002a3,b09400b86b01a1c1,brake
002fd,0981fa59aa448655,brake
00356,8f6438551f5ab5ad,brake
0038d,ab6fe7012e40df04,brake
003b7,8a473a6a5434b6b5,brake
003c2,c7bf13aa131a83dc,brake
003dd,fd3649f4eaf3e110,brake
00440,17e00db8d588ee38,brake
00480,d7e1001b7aa6540d,brake
004ab,62c25387805e5007,brake
0057c,7c1589b466be6e54,brake
00592,3eea7b744e7e4092,brake
00602,11bff2d98fd338ea,brake
00635,ec54b3b3575aec6a,brake
00798,c9d400003c6e3096,brake
007ef,11f329f07dd58a3f,brake
00039,11bb55f86d9deeee,brake
0010c,0964ffa7aef024b2,brake
0016a,74002b8e05013278,brake
001da,05f204ab5e5284e4,brake
002a3,b09400b86b01a1c1,brake
002fd,0981fa59aa448655,brake
00356,8f6438551f5ab5ad,brake
0038d,ab6fe7012e40df04,brake
003b7,8a473a6a5434b6b5,brake
003c2,c7bf13aa131a83dc,brake
003dd,fd3649f4eaf3e110,brake
00440,17e00db8d588ee38,brake
00480,d7e1001b7aa6540d,brake
004ab,62c25387805e5007,brake
0057c,7c1589b466be6e54,brake
00592,3eea7b744e7e4092,brake
00602,11bff2d98fd338ea,brake
00635,ec54b3b3575aec6a,brake
00798,c9d400003c6e3096,brake
007ef,11f329f07dd58a3f,brake
00039,11bb55f86d9deeee,brake
0010c,28ee3a6d5ff7d829,brake
0016a,74002b8e05013278,brake
001da,05f204ab5e5284e4,brake
002a3,b09400b86b01a1c1,brake
002fd,0981fa59aa448655,brake
00356,8f6438551f5ab5ad,brake
0038d,a0621cba2b8b23a4,brake
003b7,8a473a6a5434b6b5,brake
003c2,c7bf13aa131a83dc,brake
003dd,972c3d70bdea967e,brake
00440,17e00db8d588ee38,brake
00480,d7e1001b7aa6540d,brake
004ab,62f7c6f97c0513a4,brake
0057c,7c1589b466be6e54,brake
00592,2b2f6d0a1a701d5a,brake
00602,e04b034cefb088c3,brake
00635,ec54b3b3575aec6a,brake
00798,c9d400003c6e3096,brake
007ef,9970d71d8ce90a07,brake
00039,11bb55f86d9deeee,brake
0010c,28ee3a6d5ff7d829,brake
0016a,74002b8e05013278,brake
001da,05f204ab5e5284e4,brake
002a3,b09400b86b01a1c1,brake
002fd,0981fa59aa448655,brake
00356,8f6438551f5ab5ad,brake
0038d,a0621cba2b8b23a4,brake
003b7,8a473a6a5434b6b5,brake
003c2,c7bf13aa131a83dc,brake
003dd,972c3d70bdea967e,brake
00440,17e00db8d588ee38,brake
00480,d7e1001b7aa6540d,brake
004ab,62f7c6f97c0513a4,brake
0057c,7c1589b466be6e54,brake
00592,2b2f6d0a1a701d5a,brake
00602,e04b034cefb088c3,brake
00635,ec54b3b3575aec6a,brake
00798,c9d400003c6e3096,brake
007ef,9970d71d8ce90a07,brake
00039,11bb55f86d9deeee,brake
0010c,28ee3a6d5ff7d829,brake
0016a,74002b8e05013278,brake
001da,05f204ab5e5284e4,brake
002a3,b09400b86b01a1c1,brake
002fd,0981fa59aa448655,brake
00356,8f6438551f5ab5ad,brake
0038d,a0621cba2b8b23a4,brake
003b7,8a473a6a5434b6b5,brake
003c2,c7bf13aa131a83dc,brake
003dd,972c3d70bdea967e,brake
00440,17e00db8d588ee38,brake
00480,d7e1001b7aa6540d,brake
004ab,62f7c6f97c0513a4,brake
0057c,7c1589b466be6e54,brake
00592,2b2f6d0a1a701d5a,brake
00602,e04b034cefb088c3,brake
00635,ec54b3b3575aec6a,brake
00798,c9d400003c6e3096,brake
007ef,9970d71d8ce90a07,brake
00039,11bb55f86d9deeee,brake
0010c,28ee3a6d5ff7d829,brake
0016a,74002b8e05013278,brake
001da,05f204ab5e5284e4,brake
002a3,b09400b86b01a1c1,brake
002fd,0981fa59aa448655,brake
00356,8f16dc8b79f075e6,brake
0038d,ab6fe7012e40df04,brake
003b7,8a473a6a5434b6b5,brake
003c2,c7bf13aa131a83dc,brake
003dd,fd3649f4eaf3e110,brake
00440,b7d4ea0228b08946,brake
00480,d7e1001b7aa6540d,brake
004ab,feae034151654acd,brake
0057c,7c1589b466be6e54,brake
00592,3eea7b744e7e4092,brake
00602,298c01663ef177ca,brake
00635,68dba816892bb303,brake
00798,c9d400003c6e3096,brake
007ef,9970d71d8ce90a07,brake
00039,11bb55f86d9deeee,brake
0010c,28ee3a6d5ff7d829,brake
0016a,74002b8e05013278,brake
001da,05f204ab5e5284e4,brake
002a3,b09400b86b01a1c1,brake
002fd,0981fa59aa448655,brake
00356,8f16dc8b79f075e6,brake
0038d,ab6fe7012e40df04,brake
003b7,8a473a6a5434b6b5,brake
003c2,c7bf13aa131a83dc,brake
003dd,fd3649f4eaf3e110,brake
00440,b7d4ea0228b08946,brake
00480,d7e1001b7aa6540d,brake
004ab,feae034151654acd,brake
0057c,7c1589b466be6e54,brake
00592,3eea7b744e7e4092,brake
00602,298c01663ef177ca,brake
00635,68dba816892bb303,brake
00798,c9d400003c6e3096,brake
007ef,9970d71d8ce90a07,brake
00039,11bb55f86d9deeee,brake
0010c,28ee3a6d5ff7d829,brake
0016a,74002b8e05013278,brake
001da,05f204ab5e5284e4,brake
002a3,b09400b86b01a1c1,brake
002fd,0981fa59aa448655,brake
00356,8f16dc8b79f075e6,brake
0038d,ab6fe7012e40df04,brake
003b7,8a473a6a5434b6b5,brake
003c2,c7bf13aa131a83dc,brake
003dd,fd3649f4eaf3e110,brake
00440,b7d4ea0228b08946,brake
00480,d7e1001b7aa6540d,brake
004ab,feae034151654acd,brake
0057c,7c1589b466be6e54,brake
00592,3eea7b744e7e4092,brake
00602,298c01663ef177ca,brake
00635,68dba816892bb303,brake
00798,c9d400003c6e3096,brake
007ef,9970d71d8ce90a07,brake
00039,11bb55f86d9deeee,brake
0010c,6dc04993c6eab0aa,brake
0016a,74002b8e05013278,brake
001da,05f204ab5e5284e4,brake
002a3,b09400b86b01a1c1,brake
002fd,0981fa59aa448655,brake
00356,8f16dc8b79f075e6,brake
0038d,fae0f5e08e75ee98,brake
003b7,8a473a6a5434b6b5,brake
003c2,c7bf13aa131a83dc,brake
003dd,972c3d70bdea967e,brake
00440,b7d4ea0228b08946,brake
00480,d7e1001b7aa6540d,brake
004ab,feae034151654acd,brake
0057c,7c1589b466be6e54,brake
00592,ee010ee098e47ee9,brake
00602,e04b034cefb088c3,brake
00635,e3371d01256a28b4,brake
00798,c9d400003c6e3096,brake
007ef,9970d71d8ce90a07,brake
00039,11bb55f86d9deeee,brake
0010c,6dc04993c6eab0aa,brake
0016a,74002b8e05013278,brake
001da,05f204ab5e5284e4,brake
002a3,b09400b86b01a1c1,brake
002fd,0981fa59aa448655,brake
00356,8f16dc8b79f075e6,brake
0038d,fae0f5e08e75ee98,brake
003b7,8a473a6a5434b6b5,brake
003c2,c7bf13aa131a83dc,brake
003dd,972c3d70bdea967e,brake
00440,b7d4ea0228b08946,brake
00480,d7e1001b7aa6540d,brake
004ab,feae034151654acd,brake
0057c,7c1589b466be6e54,brake
00592,ee010ee098e47ee9,brake
00602,e04b034cefb088c3,brake
00635,e3371d01256a28b4,brake
00798,c9d400003c6e3096,brake
007ef,9970d71d8ce90a07,brake
00039,11bb55f86d9deeee,brake
0010c,6dc04993c6eab0aa,brake
0016a,74002b8e05013278,brake
001da,05f204ab5e5284e4,brake
002a3,b09400b86b01a1c1,brake
002fd,0981fa59aa448655,brake
00356,8f16dc8b79f075e6,brake
0038d,fae0f5e08e75ee98,brake
003b7,8a473a6a5434b6b5,brake
003c2,c7bf13aa131a83dc,brake
003dd,972c3d70bdea967e,brake
00440,b7d4ea0228b08946,brake
00480,d7e1001b7aa6540d,brake
004ab,feae034151654acd,brake
0057c,7c1589b466be6e54,brake
00592,ee010ee098e47ee9,brake
00602,e04b034cefb088c3,brake
00635,e3371d01256a28b4,brake
00798,c9d400003c6e3096,brake
007ef,9970d71d8ce90a07,brake
00039,11bb55f86d9deeee,brake
0010c,0964ffa7aef024b2,brake
0016a,74002b8e05013278,brake
001da,05f204ab5e5284e4,brake
002a3,b09400b86b01a1c1,brake
002fd,0981fa59aa448655,brake
00356,8f16dc8b79f075e6,brake
0038d,ab6fe7012e40df04,brake
003b7,8a473a6a5434b6b5,brake
003c2,c7bf13aa131a83dc,brake
003dd,7dac664c58bb65bb,brake
00440,b7d4ea0228b08946,brake
00480,d7e1001b7aa6540d,brake
004ab,feae034151654acd,brake
0057c,7c1589b466be6e54,brake
00592,c308bd9858bba837,brake
00602,11bff2d98fd338ea,brake
00635,e3371d01256a28b4,brake
00798,c9d400003c6e3096,brake
007ef,11f329f07dd58a3f,brake
00039,11bb55f86d9deeee,brake
0010c,0964ffa7aef024b2,brake
0016a,74002b8e05013278,brake
001da,05f204ab5e5284e4,brake
002a3,b09400b86b01a1c1,brake
002fd,0981fa59aa448655,brake
00356,8f16dc8b79f075e6,brake
0038d,ab6fe7012e40df04,brake
003b7,8a473a6a5434b6b5,brake
003c2,c7bf13aa131a83dc,brake
003dd,7dac664c58bb65bb,brake
00440,b7d4ea0228b08946,brake
00480,d7e1001b7aa6540d,brake
004ab,feae034151654acd,brake
0057c,7c1589b466be6e54,brake
00592,c308bd9858bba837,brake
00602,11bff2d98fd338ea,brake
00635,e3371d01256a28b4,brake
00798,c9d400003c6e3096,brake
007ef,11f329f07dd58a3f,brake
00039,11bb55f86d9deeee,brake
0010c,0964ffa7aef024b2,brake
0016a,74002b8e05013278,brake
001da,05f204ab5e5284e4,brake
002a3,b09400b86b01a1c1,brake
002fd,0981fa59aa448655,brake
00356,8f16dc8b79f075e6,brake
0038d,ab6fe7012e40df04,brake
003b7,8a473a6a5434b6b5,brake
003c2,c7bf13aa131a83dc,brake
003dd,7dac664c58bb65bb,brake
00440,b7d4ea0228b08946,brake
00480,d7e1001b7aa6540d,brake
004ab,feae034151654acd,brake
0057c,7c1589b466be6e54,brake
00592,c308bd9858bba837,brake
00602,11bff2d98fd338ea,brake
00635,e3371d01256a28b4,brake
00798,c9d400003c6e3096,brake
007ef,11f329f07dd58a3f,brake
00039,11bb55f86d9deeee,brake
0010c,6dc04993c6eab0aa,brake
0016a,74002b8e05013278,brake
001da,05f204ab5e5284e4,brake
002a3,b09400b86b01a1c1,brake
002fd,0981fa59aa448655,brake
00356,8f6438551f5ab5ad,brake
0038d,a0621cba2b8b23a4,brake
003b7,8a473a6a5434b6b5,brake
003c2,c7bf13aa131a83dc,brake
003dd,972c3d70bdea967e,brake
00440,b7d4ea0228b08946,brake
00480,d7e1001b7aa6540d,brake
004ab,62f7c6f97c0513a4,brake
0057c,7c1589b466be6e54,brake
00592,3eea7b744e7e4092,brake
00602,298c01663ef177ca,brake
00635,ec54b3b3575aec6a,brake
00798,c9d400003c6e3096,brake
007ef,9970d71d8ce90a07,brake
00039,11bb55f86d9deeee,brake
0010c,6dc04993c6eab0aa,brake
0016a,74002b8e05013278,brake
001da,05f204ab5e5284e4,brake
002a3,b09400b86b01a1c1,brake
002fd,0981fa59aa448655,brake
00356,8f6438551f5ab5ad,brake
0038d,a0621cba2b8b23a4,brake
003b7,8a473a6a5434b6b5,brake
003c2,c7bf13aa131a83dc,brake
003dd,972c3d70bdea967e,brake
00440,b7d4ea0228b08946,brake
00480,d7e1001b7aa6540d,brake
004ab,62f7c6f97c0513a4,brake
0057c,7c1589b466be6e54,brake
00592,3eea7b744e7e4092,brake
00602,298c01663ef177ca,brake
00635,ec54b3b3575aec6a,brake
00798,c9d400003c6e3096,brake
007ef,9970d71d8ce90a07,brake
00039,11bb55f86d9deeee,brake
0010c,6dc04993c6eab0aa,brake
0016a,74002b8e05013278,brake
001da,05f204ab5e5284e4,brake
002a3,b09400b86b01a1c1,brake
002fd,0981fa59aa448655,brake
00356,8f6438551f5ab5ad,brake
0038d,a0621cba2b8b23a4,brake
003b7,8a473a6a5434b6b5,brake
003c2,c7bf13aa131a83dc,brake
003dd,972c3d70bdea967e,brake
00440,b7d4ea0228b08946,brake
00480,d7e1001b7aa6540d,brake
004ab,62f7c6f97c0513a4,brake
0057c,7c1589b466be6e54,brake
00592,3eea7b744e7e4092,brake
00602,298c01663ef177ca,brake
00635,ec54b3b3575aec6a,brake
00798,c9d400003c6e3096,brake
007ef,9970d71d8ce90a07,brake
00039,11bb55f86d9deeee,brake
0010c,6dc04993c6eab0aa,brake
0016a,74002b8e05013278,brake
001da,05f204ab5e5284e4,brake
002a3,b09400b86b01a1c1,brake
002fd,0981fa59aa448655,brake
00356,8f6438551f5ab5ad,brake
0038d,1cda89e29f6433ff,brake
003b7,8a473a6a5434b6b5,brake
003c2,c7bf13aa131a83dc,brake
003dd,7dac664c58bb65bb,brake
00440,17e00db8d588ee38,brake
00480,d7e1001b7aa6540d,brake
004ab,62f7c6f97c0513a4,brake
0057c,7c1589b466be6e54,brake
00592,3eea7b744e7e4092,brake
00602,11bff2d98fd338ea,brake
00635,68dba816892bb303,brake
00798,c9d400003c6e3096,brake
007ef,9970d71d8ce90a07,brake
00039,11bb55f86d9deeee,brake
0010c,6dc04993c6eab0aa,brake
0016a,74002b8e05013278,brake
001da,05f204ab5e5284e4,brake
002a3,b09400b86b01a1c1,brake
002fd,0981fa59aa448655,brake
00356,8f6438551f5ab5ad,brake
0038d,1cda89e29f6433ff,brake
003b7,8a473a6a5434b6b5,brake
003c2,c7bf13aa131a83dc,brake
003dd,7dac664c58bb65bb,brake
00440,17e00db8d588ee38,brake
00480,d7e1001b7aa6540d,brake
004ab,62f7c6f97c0513a4,brake
0057c,7c1589b466be6e54,brake
00592,3eea7b744e7e4092,brake
00602,11bff2d98fd338ea,brake
00635,68dba816892bb303,brake
00798,c9d400003c6e3096,brake
007ef,9970d71d8ce90a07,brake
00039,11bb55f86d9deeee,brake
0010c,6dc04993c6eab0aa,brake
0016a,74002b8e05013278,brake
001da,05f204ab5e5284e4,brake
002a3,b09400b86b01a1c1,brake
002fd,0981fa59aa448655,brake
00356,8f6438551f5ab5ad,brake
0038d,1cda89e29f6433ff,brake
003b7,8a473a6a5434b6b5,brake
003c2,c7bf13aa131a83dc,brake
003dd,7dac664c58bb65bb,brake
00440,17e00db8d588ee38,brake
00480,d7e1001b7aa6540d,brake
004ab,62f7c6f97c0513a4,brake
0057c,7c1589b466be6e54,brake
00592,3eea7b744e7e4092,brake
00602,11bff2d98fd338ea,brake
00635,68dba816892bb303,brake
00798,c9d400003c6e3096,brake
007ef,9970d71d8ce90a07,brake
00039,11bb55f86d9deeee,brake
0010c,0964ffa7aef024b2,brake
0016a,74002b8e05013278,brake
001da,05f204ab5e5284e4,brake
002a3,b09400b86b01a1c1,brake
002fd,0981fa59aa448655,brake
00356,8f16dc8b79f075e6,brake
0038d,ab6fe7012e40df04,brake
003b7,8a473a6a5434b6b5,brake
003c2,c7bf13aa131a83dc,brake
003dd,e217681103a6b983,brake
00440,17e00db8d588ee38,brake
00480,d7e1041b7aa6540d,brake
004ab,7389d071f45aa8b6,brake
0057c,7c1589b466be6e54,brake
00592,c308bd9858bba837,brake
00602,11bff2d98fd338ea,brake
00635,68dba816892bb303,brake
00798,c9d400003c6e3096,brake
007ef,11f329f07dd58a3f,brake
00039,11bb55f86d9deeee,brake
0010c,0964ffa7aef024b2,brake
0016a,74002b8e05013278,brake
001da,05f204ab5e5284e4,brake
002a3,b09400b86b01a1c1,brake
002fd,0981fa59aa448655,brake
00356,8f16dc8b79f075e6,brake
0038d,ab6fe7012e40df04,brake
003b7,8a473a6a5434b6b5,brake
003c2,c7bf13aa131a83dc,brake
003dd,e217681103a6b983,brake
00440,17e00db8d588ee38,brake
00480,d7e1041b7aa6540d,brake
004ab,7389d071f45aa8b6,brake
0057c,7c1589b466be6e54,brake
00592,c308bd9858bba837,brake
00602,11bff2d98fd338ea,brake
00635,68dba816892bb303,brake
00798,c9d400003c6e3096,brake
007ef,11f329f07dd58a3f,brake
00039,11bb55f86d9deeee,brake
0010c,0964ffa7aef024b2,brake
0016a,74002b8e05013278,brake
001da,05f204ab5e5284e4,brake
002a3,b09400b86b01a1c1,brake
002fd,0981fa59aa448655,brake
00356,8f16dc8b79f075e6,brake
0038d,ab6fe7012e40df04,brake
003b7,8a473a6a5434b6b5,brake
003c2,c7bf13aa131a83dc,brake
003dd,e217681103a6b983,brake
00440,17e00db8d588ee38,brake
00480,d7e1041b7aa6540d,brake
004ab,7389d071f45aa8b6,brake
0057c,7c1589b466be6e54,brake
00592,c308bd9858bba837,brake
00602,11bff2d98fd338ea,brake
00635,68dba816892bb303,brake
00798,c9d400003c6e3096,brake
007ef,11f329f07dd58a3f,brake
00039,11bb55f86d9deeee,brake
0010c,0964ffa7aef024b2,brake
0016a,74002b8e05013278,brake
001da,05f204ab5e5284e4,brake
002a3,b09400b86b01a1c1,brake
002fd,0981fa59aa448655,brake
00356,8f16dc8b79f075e6,brake
0038d,1cda89e29f6433ff,brake
003b7,8a473a6a5434b6b5,brake
003c2,c7bf13aa131a83dc,brake
003dd,fd3649f4eaf3e110,brake
00440,b7d4ea0228b08946,brake
00480,d7e10B1b7aa6540d,brake
004ab,62f7c6f97c0513a4,brake
0057c,7c1589b466be6e54,brake
00592,c308bd9858bba837,brake
00602,298c01663ef177ca,brake
00635,68dba816892bb303,brake
00798,c9d400003c6e3096,brake
007ef,9970d71d8ce90a07,brake
00039,11bb55f86d9deeee,brake
0010c,0964ffa7aef024b2,brake
0016a,74002b8e05013278,brake
001da,05f204ab5e5284e4,brake
002a3,b09400b86b01a1c1,brake
002fd,0981fa59aa448655,brake
00356,8f16dc8b79f075e6,brake
0038d,1cda89e29f6433ff,brake
003b7,8a473a6a5434b6b5,brake
003c2,c7bf13aa131a83dc,brake
003dd,fd3649f4eaf3e110,brake
00440,b7d4ea0228b08946,brake
00480,d7e10B1b7aa6540d,brake
004ab,62f7c6f97c0513a4,brake
0057c,7c1589b466be6e54,brake
00592,c308bd9858bba837,brake
00602,298c01663ef177ca,brake
00635,68dba816892bb303,brake
00798,c9d400003c6e3096,brake
007ef,9970d71d8ce90a07,brake
00039,11bb55f86d9deeee,brake
0010c,0964ffa7aef024b2,brake
0016a,74002b8e05013278,brake
001da,05f204ab5e5284e4,brake
002a3,b09400b86b01a1c1,brake
002fd,0981fa59aa448655,brake
00356,8f16dc8b79f075e6,brake
0038d,1cda89e29f6433ff,brake
003b7,8a473a6a5434b6b5,brake
003c2,c7bf13aa131a83dc,brake
003dd,fd3649f4eaf3e110,brake
00440,b7d4ea0228b08946,brake
00480,d7e10B1b7aa6540d,brake
004ab,62f7c6f97c0513a4,brake
0057c,7c1589b466be6e54,brake
00592,c308bd9858bba837,brake
00602,298c01663ef177ca,brake
00635,68dba816892bb303,brake
00798,c9d400003c6e3096,brake
007ef,9970d71d8ce90a07,brake
00039,11bb55f86d9deeee,brake
0010c,0964ffa7aef024b2,brake
0016a,74002b8e05013278,brake
001da,05f204ab5e5284e4,brake
002a3,b09400b86b01a1c1,brake
002fd,0981fa59aa448655,brake
00356,8f6438551f5ab5ad,brake
0038d,ab6fe7012e40df04,brake
003b7,8a473a6a5434b6b5,brake
003c2,c7bf13aa131a83dc,brake
003dd,fd3649f4eaf3e110,brake
00440,b7d4ea0228b08946,brake
00480,d7e1131b7aa6540d,brake
004ab,7389d071f45aa8b6,brake
0057c,7c1589b466be6e54,brake
00592,c308bd9858bba837,brake
00602,298c01663ef177ca,brake
00635,68dba816892bb303,brake
00798,c9d400003c6e3096,brake
007ef,9970d71d8ce90a07,brake
00039,11bb55f86d9deeee,brake
0010c,0964ffa7aef024b2,brake
0016a,74002b8e05013278,brake
001da,05f204ab5e5284e4,brake
002a3,b09400b86b01a1c1,brake
002fd,0981fa59aa448655,brake
00356,8f6438551f5ab5ad,brake
0038d,ab6fe7012e40df04,brake
003b7,8a473a6a5434b6b5,brake
003c2,c7bf13aa131a83dc,brake
003dd,fd3649f4eaf3e110,brake
00440,b7d4ea0228b08946,brake
00480,d7e1131b7aa6540d,brake
004ab,7389d071f45aa8b6,brake
0057c,7c1589b466be6e54,brake
00592,c308bd9858bba837,brake
00602,298c01663ef177ca,brake
00635,68dba816892bb303,brake
00798,c9d400003c6e3096,brake
007ef,9970d71d8ce90a07,brake
00039,11bb55f86d9deeee,brake
0010c,0964ffa7aef024b2,brake
0016a,74002b8e05013278,brake
001da,05f204ab5e5284e4,brake
002a3,b09400b86b01a1c1,brake
002fd,0981fa59aa448655,brake
00356,8f6438551f5ab5ad,brake
0038d,ab6fe7012e40df04,brake
003b7,8a473a6a5434b6b5,brake
003c2,c7bf13aa131a83dc,brake
003dd,fd3649f4eaf3e110,brake
00440,b7d4ea0228b08946,brake
00480,d7e1131b7aa6540d,brake
004ab,7389d071f45aa8b6,brake
0057c,7c1589b466be6e54,brake
00592,c308bd9858bba837,brake
00602,298c01663ef177ca,brake
00635,68dba816892bb303,brake
00798,c9d400003c6e3096,brake
007ef,9970d71d8ce90a07,brake
00039,11bb55f86d9deeee,brake
0010c,6dc04993c6eab0aa,brake
0016a,74002b8e05013278,brake
001da,05f204ab5e5284e4,brake
002a3,b09400b86b01a1c1,brake
002fd,0981fa59aa448655,brake
00356,8f6438551f5ab5ad,brake
0038d,1cda89e29f6433ff,brake
003b7,8a473a6a5434b6b5,brake
003c2,c7bf13aa131a83dc,brake
003dd,fd3649f4eaf3e110,brake
00440,b7d4ea0228b08946,brake
00480,d7e11C1b7aa6540d,brake
004ab,62f7c6f97c0513a4,brake
0057c,7c1589b466be6e54,brake
00592,c308bd9858bba837,brake
00602,298c01663ef177ca,brake
00635,68dba816892bb303,brake
00798,c9d400003c6e3096,brake
007ef,9970d71d8ce90a07,brake
00039,11bb55f86d9deeee,brake
0010c,6dc04993c6eab0aa,brake
0016a,74002b8e05013278,brake
001da,05f204ab5e5284e4,brake
002a3,b09400b86b01a1c1,brake
002fd,0981fa59aa448655,brake
00356,8f6438551f5ab5ad,brake
0038d,1cda89e29f6433ff,brake
003b7,8a473a6a5434b6b5,brake
003c2,c7bf13aa131a83dc,brake
003dd,fd3649f4eaf3e110,brake
00440,b7d4ea0228b08946,brake
00480,d7e11C1b7aa6540d,brake
004ab,62f7c6f97c0513a4,brake
0057c,7c1589b466be6e54,brake
00592,c308bd9858bba837,brake
00602,298c01663ef177ca,brake
00635,68dba816892bb303,brake
00798,c9d400003c6e3096,brake
007ef,9970d71d8ce90a07,brake
00039,11bb55f86d9deeee,brake
0010c,6dc04993c6eab0aa,brake
0016a,74002b8e05013278,brake
001da,05f204ab5e5284e4,brake
002a3,b09400b86b01a1c1,brake
002fd,0981fa59aa448655,brake
00356,8f6438551f5ab5ad,brake
0038d,1cda89e29f6433ff,brake
003b7,8a473a6a5434b6b5,brake
003c2,c7bf13aa131a83dc,brake
003dd,fd3649f4eaf3e110,brake
00440,b7d4ea0228b08946,brake
00480,d7e11C1b7aa6540d,brake
004ab,62f7c6f97c0513a4,brake
0057c,7c1589b466be6e54,brake
00592,c308bd9858bba837,brake
00602,298c01663ef177ca,brake
00635,68dba816892bb303,brake
00798,c9d400003c6e3096,brake
007ef,9970d71d8ce90a07,brake
00039,11bb55f86d9deeee,brake
0010c,6dc04993c6eab0aa,brake
0016a,74002b8e05013278,brake
001da,05f204ab5e5284e4,brake
002a3,b09400b86b01a1c1,brake
002fd,0981fa59aa448655,brake
00356,8f6438551f5ab5ad,brake
0038d,1cda89e29f6433ff,brake
003b7,8a473a6a5434b6b5,brake
003c2,c7bf13aa131a83dc,brake
003dd,7dac664c58bb65bb,brake
00440,b7d4ea0228b08946,brake
00480,d7e12F1b7aa6540d,brake
004ab,7389d071f45aa8b6,brake
0057c,7c1589b466be6e54,brake
00592,3eea7b744e7e4092,brake
00602,11bff2d98fd338ea,brake
00635,e3371d01256a28b4,brake
00798,c9d400003c6e3096,brake
007ef,11f329f07dd58a3f,brake
00039,11bb55f86d9deeee,brake
0010c,6dc04993c6eab0aa,brake
0016a,74002b8e05013278,brake
001da,05f204ab5e5284e4,brake
002a3,b09400b86b01a1c1,brake
002fd,0981fa59aa448655,brake
00356,8f6438551f5ab5ad,brake
0038d,1cda89e29f6433ff,brake
003b7,8a473a6a5434b6b5,brake
003c2,c7bf13aa131a83dc,brake
003dd,7dac664c58bb65bb,brake
00440,b7d4ea0228b08946,brake
00480,d7e12F1b7aa6540d,brake
004ab,7389d071f45aa8b6,brake
0057c,7c1589b466be6e54,brake
00592,3eea7b744e7e4092,brake
00602,11bff2d98fd338ea,brake
00635,e3371d01256a28b4,brake
00798,c9d400003c6e3096,brake
007ef,11f329f07dd58a3f,brake
00039,11bb55f86d9deeee,brake
0010c,6dc04993c6eab0aa,brake
0016a,74002b8e05013278,brake
001da,05f204ab5e5284e4,brake
002a3,b09400b86b01a1c1,brake
002fd,0981fa59aa448655,brake
00356,8f6438551f5ab5ad,brake
0038d,1cda89e29f6433ff,brake
003b7,8a473a6a5434b6b5,brake
003c2,c7bf13aa131a83dc,brake
003dd,7dac664c58bb65bb,brake
00440,b7d4ea0228b08946,brake
00480,d7e12F1b7aa6540d,brake
004ab,7389d071f45aa8b6,brake
0057c,7c1589b466be6e54,brake
00592,3eea7b744e7e4092,brake
00602,11bff2d98fd338ea,brake
00635,e3371d01256a28b4,brake
00798,c9d400003c6e3096,brake
007ef,11f329f07dd58a3f,brake
00039,11bb55f86d9deeee,brake
0010c,6dc04993c6eab0aa,brake
0016a,74002b8e05013278,brake
001da,05f204ab5e5284e4,brake
002a3,b09400b86b01a1c1,brake
002fd,0981fa59aa448655,brake
00356,8f6438551f5ab5ad,brake
0038d,fae0f5e08e75ee98,brake
003b7,8a473a6a5434b6b5,brake
003c2,c7bf13aa131a83dc,brake
003dd,f62042d729c0047c,brake
00440,17e00db8d588ee38,brake
00480,d7e1391b7aa6540d,brake
004ab,62c25387805e5007,brake
0057c,7c1589b466be6e54,brake
00592,ee010ee098e47ee9,brake
00602,e04b034cefb088c3,brake
00635,ec54b3b3575aec6a,brake
00798,c9d400003c6e3096,brake
007ef,11f329f07dd58a3f,brake
00039,11bb55f86d9deeee,brake
0010c,6dc04993c6eab0aa,brake
0016a,74002b8e05013278,brake
001da,05f204ab5e5284e4,brake
002a3,b09400b86b01a1c1,brake
002fd,0981fa59aa448655,brake
00356,8f6438551f5ab5ad,brake
0038d,fae0f5e08e75ee98,brake
003b7,8a473a6a5434b6b5,brake
003c2,c7bf13aa131a83dc,brake
003dd,f62042d729c0047c,brake
00440,17e00db8d588ee38,brake
00480,d7e1391b7aa6540d,brake
004ab,62c25387805e5007,brake
0057c,7c1589b466be6e54,brake
00592,ee010ee098e47ee9,brake
00602,e04b034cefb088c3,brake
00635,ec54b3b3575aec6a,brake
00798,c9d400003c6e3096,brake
007ef,11f329f07dd58a3f,brake
00039,11bb55f86d9deeee,brake
0010c,0964ffa7aef024b2,brake
0016a,74002b8e05013278,brake
001da,05f204ab5e5284e4,brake
002a3,b09400b86b01a1c1,brake
002fd,0981fa59aa448655,brake
00356,8f6438551f5ab5ad,brake
0038d,a0621cba2b8b23a4,brake
003b7,8a473a6a5434b6b5,brake
003c2,c7bf13aa131a83dc,brake
003dd,fd3649f4eaf3e110,brake
00440,17e00db8d588ee38,brake
00480,d7e14B1b7aa6540d,brake
004ab,62f7c6f97c0513a4,brake
0057c,7c1589b466be6e54,brake
00592,ee010ee098e47ee9,brake
00602,e04b034cefb088c3,brake
00635,e3371d01256a28b4,brake
00798,c9d400003c6e3096,brake
007ef,9970d71d8ce90a07,brake
00039,11bb55f86d9deeee,brake
0010c,0964ffa7aef024b2,brake
0016a,74002b8e05013278,brake
001da,05f204ab5e5284e4,brake
002a3,b09400b86b01a1c1,brake
002fd,0981fa59aa448655,brake
00356,8f6438551f5ab5ad,brake
0038d,a0621cba2b8b23a4,brake
003b7,8a473a6a5434b6b5,brake
003c2,c7bf13aa131a83dc,brake
003dd,fd3649f4eaf3e110,brake
00440,17e00db8d588ee38,brake
00480,d7e14B1b7aa6540d,brake
004ab,62f7c6f97c0513a4,brake
0057c,7c1589b466be6e54,brake
00592,ee010ee098e47ee9,brake
00602,e04b034cefb088c3,brake
00635,e3371d01256a28b4,brake
00798,c9d400003c6e3096,brake
007ef,9970d71d8ce90a07,brake
00039,11bb55f86d9deeee,brake
0010c,0964ffa7aef024b2,brake
0016a,74002b8e05013278,brake
001da,05f204ab5e5284e4,brake
002a3,b09400b86b01a1c1,brake
002fd,0981fa59aa448655,brake
00356,8f6438551f5ab5ad,brake
0038d,a0621cba2b8b23a4,brake
003b7,8a473a6a5434b6b5,brake
003c2,c7bf13aa131a83dc,brake
003dd,fd3649f4eaf3e110,brake
00440,17e00db8d588ee38,brake
00480,d7e14B1b7aa6540d,brake
004ab,62f7c6f97c0513a4,brake
0057c,7c1589b466be6e54,brake
00592,ee010ee098e47ee9,brake
00602,e04b034cefb088c3,brake
00635,e3371d01256a28b4,brake
00798,c9d400003c6e3096,brake
007ef,9970d71d8ce90a07,brake
00039,11bb55f86d9deeee,brake
0010c,6dc04993c6eab0aa,brake
0016a,74002b8e05013278,brake
001da,05f204ab5e5284e4,brake
002a3,b09400b86b01a1c1,brake
002fd,0981fa59aa448655,brake
00356,8f16dc8b79f075e6,brake
0038d,ab6fe7012e40df04,brake
003b7,8a473a6a5434b6b5,brake
003c2,c7bf13aa131a83dc,brake
003dd,e217681103a6b983,brake
00440,b7d4ea0228b08946,brake
00480,d7e1621b7aa6540d,brake
004ab,feae034151654acd,brake
0057c,7c1589b466be6e54,brake
00592,c308bd9858bba837,brake
00602,298c01663ef177ca,brake
00635,e3371d01256a28b4,brake
00798,c9d400003c6e3096,brake
007ef,11f329f07dd58a3f,brake
00039,11bb55f86d9deeee,brake
0010c,6dc04993c6eab0aa,brake
0016a,74002b8e05013278,brake
001da,05f204ab5e5284e4,brake
002a3,b09400b86b01a1c1,brake
002fd,0981fa59aa448655,brake
00356,8f16dc8b79f075e6,brake
0038d,ab6fe7012e40df04,brake
003b7,8a473a6a5434b6b5,brake
003c2,c7bf13aa131a83dc,brake
003dd,e217681103a6b983,brake
00440,b7d4ea0228b08946,brake
00480,d7e1621b7aa6540d,brake
004ab,feae034151654acd,brake
0057c,7c1589b466be6e54,brake
00592,c308bd9858bba837,brake
00602,298c01663ef177ca,brake
00635,e3371d01256a28b4,brake
00798,c9d400003c6e3096,brake
007ef,11f329f07dd58a3f,brake
00039,11bb55f86d9deeee,brake
0010c,6dc04993c6eab0aa,brake
0016a,74002b8e05013278,brake
001da,05f204ab5e5284e4,brake
002a3,b09400b86b01a1c1,brake
002fd,0981fa59aa448655,brake
00356,8f16dc8b79f075e6,brake
0038d,ab6fe7012e40df04,brake
003b7,8a473a6a5434b6b5,brake
003c2,c7bf13aa131a83dc,brake
003dd,e217681103a6b983,brake
00440,b7d4ea0228b08946,brake
00480,d7e1621b7aa6540d,brake
004ab,feae034151654acd,brake
0057c,7c1589b466be6e54,brake
00592,c308bd9858bba837,brake
00602,298c01663ef177ca,brake
00635,e3371d01256a28b4,brake
00798,c9d400003c6e3096,brake
007ef,11f329f07dd58a3f,brake
00039,11bb55f86d9deeee,brake
0010c,28ee3a6d5ff7d829,brake
0016a,74002b8e05013278,brake
001da,05f204ab5e5284e4,brake
002a3,b09400b86b01a1c1,brake
002fd,0981fa59aa448655,brake
00356,8f6438551f5ab5ad,brake
0038d,fae0f5e08e75ee98,brake
003b7,8a473a6a5434b6b5,brake
003c2,c7bf13aa131a83dc,brake
003dd,f62042d729c0047c,brake
00440,b7d4ea0228b08946,brake
00480,d7e1791b7aa6540d,brake
004ab,7389d071f45aa8b6,brake
0057c,7c1589b466be6e54,brake
00592,2b2f6d0a1a701d5a,brake
00602,11bff2d98fd338ea,brake
00635,68dba816892bb303,brake
00798,c9d400003c6e3096,brake
007ef,11f329f07dd58a3f,brake
00039,11bb55f86d9deeee,brake
0010c,28ee3a6d5ff7d829,brake
0016a,74002b8e05013278,brake
001da,05f204ab5e5284e4,brake
002a3,b09400b86b01a1c1,brake
002fd,0981fa59aa448655,brake
00356,8f6438551f5ab5ad,brake
0038d,fae0f5e08e75ee98,brake
003b7,8a473a6a5434b6b5,brake
003c2,c7bf13aa131a83dc,brake
003dd,f62042d729c0047c,brake
00440,b7d4ea0228b08946,brake
00480,d7e1791b7aa6540d,brake
004ab,7389d071f45aa8b6,brake
0057c,7c1589b466be6e54,brake
00592,2b2f6d0a1a701d5a,brake
00602,11bff2d98fd338ea,brake
00635,68dba816892bb303,brake
00798,c9d400003c6e3096,brake
007ef,11f329f07dd58a3f,brake
00039,11bb55f86d9deeee,brake
0010c,28ee3a6d5ff7d829,brake
0016a,74002b8e05013278,brake
001da,05f204ab5e5284e4,brake
002a3,b09400b86b01a1c1,brake
002fd,0981fa59aa448655,brake
00356,8f6438551f5ab5ad,brake
0038d,fae0f5e08e75ee98,brake
003b7,8a473a6a5434b6b5,brake
003c2,c7bf13aa131a83dc,brake
003dd,f62042d729c0047c,brake
00440,b7d4ea0228b08946,brake
00480,d7e1791b7aa6540d,brake
004ab,7389d071f45aa8b6,brake
0057c,7c1589b466be6e54,brake
00592,2b2f6d0a1a701d5a,brake
00602,11bff2d98fd338ea,brake
00635,68dba816892bb303,brake
00798,c9d400003c6e3096,brake
007ef,11f329f07dd58a3f,brake
00039,11bb55f86d9deeee,brake
0010c,28ee3a6d5ff7d829,brake
0016a,74002b8e05013278,brake
001da,05f204ab5e5284e4,brake
002a3,b09400b86b01a1c1,brake
002fd,0981fa59aa448655,brake
00356,8f6438551f5ab5ad,brake
0038d,fae0f5e08e75ee98,brake
003b7,8a473a6a5434b6b5,brake
003c2,c7bf13aa131a83dc,brake
003dd,7dac664c58bb65bb,brake
00440,b7d4ea0228b08946,brake
00480,d7e1881b7aa6540d,brake
004ab,62f7c6f97c0513a4,brake
0057c,7c1589b466be6e54,brake
00592,2b2f6d0a1a701d5a,brake
00602,e04b034cefb088c3,brake
00635,e3371d01256a28b4,brake
00798,c9d400003c6e3096,brake
007ef,11f329f07dd58a3f,brake
00039,11bb55f86d9deeee,brake
0010c,28ee3a6d5ff7d829,brake
0016a,74002b8e05013278,brake
001da,05f204ab5e5284e4,brake
002a3,b09400b86b01a1c1,brake
002fd,0981fa59aa448655,brake
00356,8f6438551f5ab5ad,brake
0038d,fae0f5e08e75ee98,brake
003b7,8a473a6a5434b6b5,brake
003c2,c7bf13aa131a83dc,brake
003dd,7dac664c58bb65bb,brake
00440,b7d4ea0228b08946,brake
00480,d7e1881b7aa6540d,brake
004ab,62f7c6f97c0513a4,brake
0057c,7c1589b466be6e54,brake
00592,2b2f6d0a1a701d5a,brake
00602,e04b034cefb088c3,brake
00635,e3371d01256a28b4,brake
00798,c9d400003c6e3096,brake
007ef,11f329f07dd58a3f,brake
00039,11bb55f86d9deeee,brake
0010c,28ee3a6d5ff7d829,brake
0016a,74002b8e05013278,brake
001da,05f204ab5e5284e4,brake
002a3,b09400b86b01a1c1,brake
002fd,0981fa59aa448655,brake
00356,8f6438551f5ab5ad,brake
0038d,fae0f5e08e75ee98,brake
003b7,8a473a6a5434b6b5,brake
003c2,c7bf13aa131a83dc,brake
003dd,7dac664c58bb65bb,brake
00440,b7d4ea0228b08946,brake
00480,d7e1881b7aa6540d,brake
004ab,62f7c6f97c0513a4,brake
0057c,7c1589b466be6e54,brake
00592,2b2f6d0a1a701d5a,brake
00602,e04b034cefb088c3,brake
00635,e3371d01256a28b4,brake
00798,c9d400003c6e3096,brake
007ef,11f329f07dd58a3f,brake
00039,11bb55f86d9deeee,brake
0010c,0964ffa7aef024b2,brake
0016a,74002b8e05013278,brake
001da,05f204ab5e5284e4,brake
002a3,b09400b86b01a1c1,brake
002fd,0981fa59aa448655,brake
00356,8f6438551f5ab5ad,brake
0038d,a0621cba2b8b23a4,brake
003b7,8a473a6a5434b6b5,brake
003c2,c7bf13aa131a83dc,brake
003dd,fd3649f4eaf3e110,brake
00440,b7d4ea0228b08946,brake
00480,d7e19A1b7aa6540d,brake
004ab,7389d071f45aa8b6,brake
0057c,7c1589b466be6e54,brake
00592,3eea7b744e7e4092,brake
00602,e04b034cefb088c3,brake
00635,e3371d01256a28b4,brake
00798,c9d400003c6e3096,brake
007ef,11f329f07dd58a3f,brake
00039,11bb55f86d9deeee,brake
0010c,0964ffa7aef024b2,brake
0016a,74002b8e05013278,brake
001da,05f204ab5e5284e4,brake
002a3,b09400b86b01a1c1,brake
002fd,0981fa59aa448655,brake
00356,8f6438551f5ab5ad,brake
0038d,a0621cba2b8b23a4,brake
003b7,8a473a6a5434b6b5,brake
003c2,c7bf13aa131a83dc,brake
003dd,fd3649f4eaf3e110,brake
00440,b7d4ea0228b08946,brake
00480,d7e19A1b7aa6540d,brake
004ab,7389d071f45aa8b6,brake
0057c,7c1589b466be6e54,brake
00592,3eea7b744e7e4092,brake
00602,e04b034cefb088c3,brake
00635,e3371d01256a28b4,brake
00798,c9d400003c6e3096,brake
007ef,11f329f07dd58a3f,brake
00039,11bb55f86d9deeee,brake
0010c,0964ffa7aef024b2,brake
0016a,74002b8e05013278,brake
001da,05f204ab5e5284e4,brake
002a3,b09400b86b01a1c1,brake
002fd,0981fa59aa448655,brake
00356,8f6438551f5ab5ad,brake
0038d,a0621cba2b8b23a4,brake
003b7,8a473a6a5434b6b5,brake
003c2,c7bf13aa131a83dc,brake
003dd,fd3649f4eaf3e110,brake
00440,b7d4ea0228b08946,brake
00480,d7e19A1b7aa6540d,brake
004ab,7389d071f45aa8b6,brake
0057c,7c1589b466be6e54,brake
00592,3eea7b744e7e4092,brake
00602,e04b034cefb088c3,brake
00635,e3371d01256a28b4,brake
00798,c9d400003c6e3096,brake
007ef,11f329f07dd58a3f,brake
00039,11bb55f86d9deeee,brake
0010c,0964ffa7aef024b2,brake
0016a,74002b8e05013278,brake
001da,05f204ab5e5284e4,brake
002a3,b09400b86b01a1c1,brake
002fd,0981fa59aa448655,brake
00356,8f6438551f5ab5ad,brake
0038d,a0621cba2b8b23a4,brake
003b7,8a473a6a5434b6b5,brake
003c2,c7bf13aa131a83dc,brake
003dd,e217681103a6b983,brake
00440,17e00db8d588ee38,brake
00480,d7e1A91b7aa6540d,brake
004ab,62c25387805e5007,brake
0057c,7c1589b466be6e54,brake
00592,2b2f6d0a1a701d5a,brake
00602,11bff2d98fd338ea,brake
00635,68dba816892bb303,brake
00798,c9d400003c6e3096,brake
007ef,9970d71d8ce90a07,brake
00039,11bb55f86d9deeee,brake
0010c,0964ffa7aef024b2,brake
0016a,74002b8e05013278,brake
001da,05f204ab5e5284e4,brake
002a3,b09400b86b01a1c1,brake
002fd,0981fa59aa448655,brake
00356,8f6438551f5ab5ad,brake
0038d,a0621cba2b8b23a4,brake
003b7,8a473a6a5434b6b5,brake
003c2,c7bf13aa131a83dc,brake
003dd,e217681103a6b983,brake
00440,17e00db8d588ee38,brake
00480,d7e1A91b7aa6540d,brake
004ab,62c25387805e5007,brake
0057c,7c1589b466be6e54,brake
00592,2b2f6d0a1a701d5a,brake
00602,11bff2d98fd338ea,brake
00635,68dba816892bb303,brake
00798,c9d400003c6e3096,brake
007ef,9970d71d8ce90a07,brake
00039,11bb55f86d9deeee,brake
0010c,0964ffa7aef024b2,brake
0016a,74002b8e05013278,brake
001da,05f204ab5e5284e4,brake
002a3,b09400b86b01a1c1,brake
002fd,0981fa59aa448655,brake
00356,8f6438551f5ab5ad,brake
0038d,a0621cba2b8b23a4,brake
003b7,8a473a6a5434b6b5,brake
003c2,c7bf13aa131a83dc,brake
003dd,e217681103a6b983,brake
00440,17e00db8d588ee38,brake
00480,d7e1A91b7aa6540d,brake
004ab,62c25387805e5007,brake
0057c,7c1589b466be6e54,brake
00592,2b2f6d0a1a701d5a,brake
00602,11bff2d98fd338ea,brake
00635,68dba816892bb303,brake
00798,c9d400003c6e3096,brake
007ef,9970d71d8ce90a07,brake
00039,11bb55f86d9deeee,brake
0010c,28ee3a6d5ff7d829,brake
0016a,74002b8e05013278,brake
001da,05f204ab5e5284e4,brake
002a3,b09400b86b01a1c1,brake
002fd,0981fa59aa448655,brake
00356,8f16dc8b79f075e6,brake
0038d,fae0f5e08e75ee98,brake
003b7,8a473a6a5434b6b5,brake
003c2,c7bf13aa131a83dc,brake
003dd,972c3d70bdea967e,brake
00440,b7d4ea0228b08946,brake
00480,d7e1BB1b7aa6540d,brake
004ab,7389d071f45aa8b6,brake
0057c,7c1589b466be6e54,brake
00592,3eea7b744e7e4092,brake
00602,11bff2d98fd338ea,brake
00635,68dba816892bb303,brake
00798,c9d400003c6e3096,brake
007ef,11f329f07dd58a3f,brake
00039,11bb55f86d9deeee,brake
0010c,28ee3a6d5ff7d829,brake
0016a,74002b8e05013278,brake
001da,05f204ab5e5284e4,brake
002a3,b09400b86b01a1c1,brake
002fd,0981fa59aa448655,brake
00356,8f16dc8b79f075e6,brake
0038d,fae0f5e08e75ee98,brake
003b7,8a473a6a5434b6b5,brake
003c2,c7bf13aa131a83dc,brake
003dd,972c3d70bdea967e,brake
00440,b7d4ea0228b08946,brake
00480,d7e1BB1b7aa6540d,brake
004ab,7389d071f45aa8b6,brake
0057c,7c1589b466be6e54,brake
00592,3eea7b744e7e4092,brake
00602,11bff2d98fd338ea,brake
00635,68dba816892bb303,brake
00798,c9d400003c6e3096,brake
007ef,11f329f07dd58a3f,brake
00039,11bb55f86d9deeee,brake
0010c,28ee3a6d5ff7d829,brake
0016a,74002b8e05013278,brake
001da,05f204ab5e5284e4,brake
002a3,b09400b86b01a1c1,brake
002fd,0981fa59aa448655,brake
00356,8f16dc8b79f075e6,brake
0038d,fae0f5e08e75ee98,brake
003b7,8a473a6a5434b6b5,brake
003c2,c7bf13aa131a83dc,brake
003dd,972c3d70bdea967e,brake
00440,b7d4ea0228b08946,brake
00480,d7e1BB1b7aa6540d,brake
004ab,7389d071f45aa8b6,brake
0057c,7c1589b466be6e54,brake
00592,3eea7b744e7e4092,brake
00602,11bff2d98fd338ea,brake
00635,68dba816892bb303,brake
00798,c9d400003c6e3096,brake
007ef,11f329f07dd58a3f,brake
00039,11bb55f86d9deeee,brake
0010c,28ee3a6d5ff7d829,brake
0016a,74002b8e05013278,brake
001da,05f204ab5e5284e4,brake
002a3,b09400b86b01a1c1,brake
002fd,0981fa59aa448655,brake
00356,8f6438551f5ab5ad,brake
0038d,ab6fe7012e40df04,brake
003b7,8a473a6a5434b6b5,brake
003c2,c7bf13aa131a83dc,brake
003dd,fd3649f4eaf3e110,brake
00440,17e00db8d588ee38,brake
00480,d7e1C61b7aa6540d,brake
004ab,7389d071f45aa8b6,brake
0057c,7c1589b466be6e54,brake
00592,2b2f6d0a1a701d5a,brake
00602,e04b034cefb088c3,brake
00635,e3371d01256a28b4,brake
00798,c9d400003c6e3096,brake
007ef,9970d71d8ce90a07,brake
00039,11bb55f86d9deeee,brake
0010c,28ee3a6d5ff7d829,brake
0016a,74002b8e05013278,brake
001da,05f204ab5e5284e4,brake
002a3,b09400b86b01a1c1,brake
002fd,0981fa59aa448655,brake
00356,8f6438551f5ab5ad,brake
0038d,ab6fe7012e40df04,brake
003b7,8a473a6a5434b6b5,brake
003c2,c7bf13aa131a83dc,brake
003dd,fd3649f4eaf3e110,brake
00440,17e00db8d588ee38,brake
00480,d7e1C61b7aa6540d,brake
004ab,7389d071f45aa8b6,brake
0057c,7c1589b466be6e54,brake
00592,2b2f6d0a1a701d5a,brake
00602,e04b034cefb088c3,brake
00635,e3371d01256a28b4,brake
00798,c9d400003c6e3096,brake
007ef,9970d71d8ce90a07,brake
00039,11bb55f86d9deeee,brake
0010c,28ee3a6d5ff7d829,brake
0016a,74002b8e05013278,brake
001da,05f204ab5e5284e4,brake
002a3,b09400b86b01a1c1,brake
002fd,0981fa59aa448655,brake
00356,8f6438551f5ab5ad,brake
0038d,ab6fe7012e40df04,brake
003b7,8a473a6a5434b6b5,brake
003c2,c7bf13aa131a83dc,brake
003dd,fd3649f4eaf3e110,brake
00440,17e00db8d588ee38,brake
00480,d7e1C61b7aa6540d,brake
004ab,7389d071f45aa8b6,brake
0057c,7c1589b466be6e54,brake
00592,2b2f6d0a1a701d5a,brake
00602,e04b034cefb088c3,brake
00635,e3371d01256a28b4,brake
00798,c9d400003c6e3096,brake
007ef,9970d71d8ce90a07,brake
00039,11bb55f86d9deeee,brake
0010c,6dc04993c6eab0aa,brake
0016a,74002b8e05013278,brake
001da,05f204ab5e5284e4,brake
002a3,b09400b86b01a1c1,brake
002fd,0981fa59aa448655,brake
00356,8f16dc8b79f075e6,brake
0038d,1cda89e29f6433ff,brake
003b7,8a473a6a5434b6b5,brake
003c2,c7bf13aa131a83dc,brake
003dd,e217681103a6b983,brake
00440,b7d4ea0228b08946,brake
00480,d7e1DC1b7aa6540d,brake
004ab,62c25387805e5007,brake
0057c,7c1589b466be6e54,brake
00592,2b2f6d0a1a701d5a,brake
00602,298c01663ef177ca,brake
00635,68dba816892bb303,brake
00798,c9d400003c6e3096,brake
007ef,9970d71d8ce90a07,brake
00039,11bb55f86d9deeee,brake
0010c,6dc04993c6eab0aa,brake
0016a,74002b8e05013278,brake
001da,05f204ab5e5284e4,brake
002a3,b09400b86b01a1c1,brake
002fd,0981fa59aa448655,brake
00356,8f16dc8b79f075e6,brake
0038d,1cda89e29f6433ff,brake
003b7,8a473a6a5434b6b5,brake
003c2,c7bf13aa131a83dc,brake
003dd,e217681103a6b983,brake
00440,b7d4ea0228b08946,brake
00480,d7e1DC1b7aa6540d,brake
004ab,62c25387805e5007,brake
0057c,7c1589b466be6e54,brake
00592,2b2f6d0a1a701d5a,brake
00602,298c01663ef177ca,brake
00635,68dba816892bb303,brake
00798,c9d400003c6e3096,brake
007ef,9970d71d8ce90a07,brake
00039,11bb55f86d9deeee,brake
0010c,28ee3a6d5ff7d829,brake
0016a,74002b8e05013278,brake
001da,05f204ab5e5284e4,brake
002a3,b09400b86b01a1c1,brake
002fd,0981fa59aa448655,brake
00356,8f6438551f5ab5ad,brake
0038d,ab6fe7012e40df04,brake
003b7,8a473a6a5434b6b5,brake
003c2,c7bf13aa131a83dc,brake
003dd,7dac664c58bb65bb,brake
00440,b7d4ea0228b08946,brake
00480,d7e1F31b7aa6540d,brake
004ab,62c25387805e5007,brake
0057c,7c1589b466be6e54,brake
00592,c308bd9858bba837,brake
00602,e04b034cefb088c3,brake
00635,e3371d01256a28b4,brake
00798,c9d400003c6e3096,brake
007ef,9970d71d8ce90a07,brake
00039,11bb55f86d9deeee,brake
0010c,28ee3a6d5ff7d829,brake
0016a,74002b8e05013278,brake
001da,05f204ab5e5284e4,brake
002a3,b09400b86b01a1c1,brake
002fd,0981fa59aa448655,brake
00356,8f6438551f5ab5ad,brake
0038d,ab6fe7012e40df04,brake
003b7,8a473a6a5434b6b5,brake
003c2,c7bf13aa131a83dc,brake
003dd,7dac664c58bb65bb,brake
00440,b7d4ea0228b08946,brake
00480,d7e1F31b7aa6540d,brake
004ab,62c25387805e5007,brake
0057c,7c1589b466be6e54,brake
00592,c308bd9858bba837,brake
00602,e04b034cefb088c3,brake
00635,e3371d01256a28b4,brake
00798,c9d400003c6e3096,brake
007ef,9970d71d8ce90a07,brake
00039,11bb55f86d9deeee,brake
0010c,28ee3a6d5ff7d829,brake
0016a,74002b8e05013278,brake
001da,05f204ab5e5284e4,brake
002a3,b09400b86b01a1c1,brake
002fd,0981fa59aa448655,brake
00356,8f6438551f5ab5ad,brake
0038d,ab6fe7012e40df04,brake
003b7,8a473a6a5434b6b5,brake
003c2,c7bf13aa131a83dc,brake
003dd,7dac664c58bb65bb,brake
00440,b7d4ea0228b08946,brake
00480,d7e1F31b7aa6540d,brake
004ab,62c25387805e5007,brake
0057c,7c1589b466be6e54,brake
00592,c308bd9858bba837,brake
00602,e04b034cefb088c3,brake
00635,e3371d01256a28b4,brake
00798,c9d400003c6e3096,brake
007ef,9970d71d8ce90a07,brake
00039,11bb55f86d9deeee,brake
0010c,28ee3a6d5ff7d829,brake
0016a,74002b8e05013278,brake
001da,05f204ab5e5284e4,brake
002a3,b09400b86b01a1c1,brake
002fd,0981fa59aa448655,brake
00356,8f6438551f5ab5ad,brake
0038d,ab6fe7012e40df04,brake
003b7,8a473a6a5434b6b5,brake
003c2,c7bf13aa131a83dc,brake
003dd,7dac664c58bb65bb,brake
00440,b7d4ea0228b08946,brake
00480,d7e1F31b7aa6540d,brake
004ab,62c25387805e5007,brake
0057c,7c1589b466be6e54,brake
00592,c308bd9858bba837,brake
00602,e04b034cefb088c3,brake
00635,e3371d01256a28b4,brake
00798,c9d400003c6e3096,brake
007ef,9970d71d8ce90a07,brake
00039,11bb55f86d9deeee,brake
0010c,0964ffa7aef024b2,brake
0016a,74002b8e05013278,brake
001da,05f204ab5e5284e4,brake
002a3,b09400b86b01a1c1,brake
002fd,0981fa59aa448655,brake
00356,8f6438551f5ab5ad,brake
0038d,fae0f5e08e75ee98,brake
003b7,8a473a6a5434b6b5,brake
003c2,c7bf13aa131a83dc,brake
003dd,e217681103a6b983,brake
00440,b7d4ea0228b08946,brake
00480,d7e1FF1b7aa6540d,brake
004ab,62c25387805e5007,brake
0057c,7c1589b466be6e54,brake
00592,c308bd9858bba837,brake
00602,11bff2d98fd338ea,brake
00635,ec54b3b3575aec6a,brake
00798,c9d400003c6e3096,brake
007ef,11f329f07dd58a3f,brake
00039,11bb55f86d9deeee,brake
0010c,0964ffa7aef024b2,brake
0016a,74002b8e05013278,brake
001da,05f204ab5e5284e4,brake
002a3,b09400b86b01a1c1,brake
002fd,0981fa59aa448655,brake
00356,8f6438551f5ab5ad,brake
0038d,fae0f5e08e75ee98,brake
003b7,8a473a6a5434b6b5,brake
003c2,c7bf13aa131a83dc,brake
003dd,e217681103a6b983,brake
00440,b7d4ea0228b08946,brake
00480,d7e1FF1b7aa6540d,brake
004ab,62c25387805e5007,brake
0057c,7c1589b466be6e54,brake
00592,c308bd9858bba837,brake
00602,11bff2d98fd338ea,brake
00635,ec54b3b3575aec6a,brake
00798,c9d400003c6e3096,brake
007ef,11f329f07dd58a3f,brake
00039,11bb55f86d9deeee,brake
0010c,0964ffa7aef024b2,brake
0016a,74002b8e05013278,brake
001da,05f204ab5e5284e4,brake
002a3,b09400b86b01a1c1,brake
002fd,0981fa59aa448655,brake
00356,8f6438551f5ab5ad,brake
0038d,fae0f5e08e75ee98,brake
003b7,8a473a6a5434b6b5,brake
003c2,c7bf13aa131a83dc,brake
003dd,e217681103a6b983,brake
00440,b7d4ea0228b08946,brake
00480,d7e1FF1b7aa6540d,brake
004ab,62c25387805e5007,brake
0057c,7c1589b466be6e54,brake
00592,c308bd9858bba837,brake
00602,11bff2d98fd338ea,brake
00635,ec54b3b3575aec6a,brake
00798,c9d400003c6e3096,brake
007ef,11f329f07dd58a3f,brake
00039,11bb55f86d9deeee,brake
0010c,6dc04993c6eab0aa,brake
0016a,74002b8e05013278,brake
001da,05f204ab5e5284e4,brake
002a3,b09400b86b01a1c1,brake
002fd,0981fa59aa448655,brake
00356,8f6438551f5ab5ad,brake
0038d,a0621cba2b8b23a4,brake
003b7,8a473a6a5434b6b5,brake
003c2,c7bf13aa131a83dc,brake
003dd,fd3649f4eaf3e110,brake
00440,17e00db8d588ee38,brake
00480,d7e1FF1b7aa6540d,brake
004ab,7389d071f45aa8b6,brake
0057c,7c1589b466be6e54,brake
00592,3eea7b744e7e4092,brake
00602,11bff2d98fd338ea,brake
00635,68dba816892bb303,brake
00798,c9d400003c6e3096,brake
007ef,11f329f07dd58a3f,brake
00039,11bb55f86d9deeee,brake
0010c,6dc04993c6eab0aa,brake
0016a,74002b8e05013278,brake
001da,05f204ab5e5284e4,brake
002a3,b09400b86b01a1c1,brake
002fd,0981fa59aa448655,brake
00356,8f6438551f5ab5ad,brake
0038d,a0621cba2b8b23a4,brake
003b7,8a473a6a5434b6b5,brake
003c2,c7bf13aa131a83dc,brake
003dd,fd3649f4eaf3e110,brake
00440,17e00db8d588ee38,brake
00480,d7e1FF1b7aa6540d,brake
004ab,7389d071f45aa8b6,brake
0057c,7c1589b466be6e54,brake
00592,3eea7b744e7e4092,brake
00602,11bff2d98fd338ea,brake
00635,68dba816892bb303,brake
00798,c9d400003c6e3096,brake
007ef,11f329f07dd58a3f,brake
00039,11bb55f86d9deeee,brake
0010c,6dc04993c6eab0aa,brake
0016a,74002b8e05013278,brake
001da,05f204ab5e5284e4,brake
002a3,b09400b86b01a1c1,brake
002fd,0981fa59aa448655,brake
00356,8f6438551f5ab5ad,brake
0038d,a0621cba2b8b23a4,brake
003b7,8a473a6a5434b6b5,brake
003c2,c7bf13aa131a83dc,brake
003dd,e217681103a6b983,brake
00440,17e00db8d588ee38,brake
00480,d7e1FF1b7aa6540d,brake
004ab,62f7c6f97c0513a4,brake
0057c,7c1589b466be6e54,brake
00592,c308bd9858bba837,brake
00602,e04b034cefb088c3,brake
00635,ec54b3b3575aec6a,brake
00798,c9d400003c6e3096,brake
007ef,9970d71d8ce90a07,brake
00039,11bb55f86d9deeee,brake
0010c,6dc04993c6eab0aa,brake
0016a,74002b8e05013278,brake
001da,05f204ab5e5284e4,brake
002a3,b09400b86b01a1c1,brake
002fd,0981fa59aa448655,brake
00356,8f6438551f5ab5ad,brake
0038d,a0621cba2b8b23a4,brake
003b7,8a473a6a5434b6b5,brake
003c2,c7bf13aa131a83dc,brake
003dd,e217681103a6b983,brake
00440,17e00db8d588ee38,brake
00480,d7e1FF1b7aa6540d,brake
004ab,62f7c6f97c0513a4,brake
0057c,7c1589b466be6e54,brake
00592,c308bd9858bba837,brake
00602,e04b034cefb088c3,brake
00635,ec54b3b3575aec6a,brake
00798,c9d400003c6e3096,brake
007ef,9970d71d8ce90a07,brake
00039,11bb55f86d9deeee,brake
0010c,6dc04993c6eab0aa,brake
0016a,74002b8e05013278,brake
001da,05f204ab5e5284e4,brake
002a3,b09400b86b01a1c1,brake
002fd,0981fa59aa448655,brake
00356,8f6438551f5ab5ad,brake
0038d,a0621cba2b8b23a4,brake
003b7,8a473a6a5434b6b5,brake
003c2,c7bf13aa131a83dc,brake
003dd,e217681103a6b983,brake
00440,17e00db8d588ee38,brake
00480,d7e1FF1b7aa6540d,brake
004ab,62f7c6f97c0513a4,brake
0057c,7c1589b466be6e54,brake
00592,c308bd9858bba837,brake
00602,e04b034cefb088c3,brake
00635,ec54b3b3575aec6a,brake
00798,c9d400003c6e3096,brake
007ef,9970d71d8ce90a07,brake
00039,11bb55f86d9deeee,brake
0010c,28ee3a6d5ff7d829,brake
0016a,74002b8e05013278,brake
001da,05f204ab5e5284e4,brake
002a3,b09400b86b01a1c1,brake
002fd,0981fa59aa448655,brake
00356,8f6438551f5ab5ad,brake
0038d,1cda89e29f6433ff,brake
003b7,8a473a6a5434b6b5,brake
003c2,c7bf13aa131a83dc,brake
003dd,f62042d729c0047c,brake
00440,17e00db8d588ee38,brake
00480,d7e1FF1b7aa6540d,brake
004ab,7389d071f45aa8b6,brake
0057c,7c1589b466be6e54,brake
00592,3eea7b744e7e4092,brake
00602,e04b034cefb088c3,brake
00635,e3371d01256a28b4,brake
00798,c9d400003c6e3096,brake
007ef,9970d71d8ce90a07,brake
00039,11bb55f86d9deeee,brake
0010c,28ee3a6d5ff7d829,brake
0016a,74002b8e05013278,brake
001da,05f204ab5e5284e4,brake
002a3,b09400b86b01a1c1,brake
002fd,0981fa59aa448655,brake
00356,8f6438551f5ab5ad,brake
0038d,1cda89e29f6433ff,brake
003b7,8a473a6a5434b6b5,brake
003c2,c7bf13aa131a83dc,brake
003dd,f62042d729c0047c,brake
00440,17e00db8d588ee38,brake
00480,d7e1FF1b7aa6540d,brake
004ab,7389d071f45aa8b6,brake
0057c,7c1589b466be6e54,brake
00592,3eea7b744e7e4092,brake
00602,e04b034cefb088c3,brake
00635,e3371d01256a28b4,brake
00798,c9d400003c6e3096,brake
007ef,9970d71d8ce90a07,brake
00039,11bb55f86d9deeee,brake
0010c,28ee3a6d5ff7d829,brake
0016a,74002b8e05013278,brake
001da,05f204ab5e5284e4,brake
002a3,b09400b86b01a1c1,brake
002fd,0981fa59aa448655,brake
00356,8f6438551f5ab5ad,brake
0038d,1cda89e29f6433ff,brake
003b7,8a473a6a5434b6b5,brake
003c2,c7bf13aa131a83dc,brake
003dd,f62042d729c0047c,brake
00440,17e00db8d588ee38,brake
00480,d7e1FF1b7aa6540d,brake
004ab,7389d071f45aa8b6,brake
0057c,7c1589b466be6e54,brake
00592,3eea7b744e7e4092,brake
00602,e04b034cefb088c3,brake
00635,e3371d01256a28b4,brake
00798,c9d400003c6e3096,brake
007ef,9970d71d8ce90a07,brake
00039,11bb55f86d9deeee,brake
0010c,28ee3a6d5ff7d829,brake
0016a,74002b8e05013278,brake
001da,05f204ab5e5284e4,brake
002a3,b09400b86b01a1c1,brake
002fd,0981fa59aa448655,brake
00356,8f6438551f5ab5ad,brake
0038d,1cda89e29f6433ff,brake
003b7,8a473a6a5434b6b5,brake
003c2,c7bf13aa131a83dc,brake
003dd,f62042d729c0047c,brake
00440,17e00db8d588ee38,brake
00480,d7e1FF1b7aa6540d,brake
004ab,7389d071f45aa8b6,brake
0057c,7c1589b466be6e54,brake
00592,3eea7b744e7e4092,brake
00602,e04b034cefb088c3,brake
00635,e3371d01256a28b4,brake
00798,c9d400003c6e3096,brake
007ef,9970d71d8ce90a07,brake
00039,11bb55f86d9deeee,brake
0010c,0964ffa7aef024b2,brake
0016a,74002b8e05013278,brake
001da,05f204ab5e5284e4,brake
002a3,b09400b86b01a1c1,brake
002fd,0981fa59aa448655,brake
00356,8f16dc8b79f075e6,brake
0038d,fae0f5e08e75ee98,brake
003b7,8a473a6a5434b6b5,brake
003c2,c7bf13aa131a83dc,brake
003dd,972c3d70bdea967e,brake
00440,17e00db8d588ee38,brake
00480,d7e1FF1b7aa6540d,brake
004ab,feae034151654acd,brake
0057c,7c1589b466be6e54,brake
00592,2b2f6d0a1a701d5a,brake
00602,11bff2d98fd338ea,brake
00635,e3371d01256a28b4,brake
00798,c9d400003c6e3096,brake
007ef,11f329f07dd58a3f,brake
00039,11bb55f86d9deeee,brake
0010c,0964ffa7aef024b2,brake
0016a,74002b8e05013278,brake
001da,05f204ab5e5284e4,brake
002a3,b09400b86b01a1c1,brake
002fd,0981fa59aa448655,brake
00356,8f16dc8b79f075e6,brake
0038d,fae0f5e08e75ee98,brake
003b7,8a473a6a5434b6b5,brake
003c2,c7bf13aa131a83dc,brake
003dd,972c3d70bdea967e,brake
00440,17e00db8d588ee38,brake
00480,d7e1FF1b7aa6540d,brake
004ab,feae034151654acd,brake
0057c,7c1589b466be6e54,brake
00592,2b2f6d0a1a701d5a,brake
00602,11bff2d98fd338ea,brake
00635,e3371d01256a28b4,brake
00798,c9d400003c6e3096,brake
007ef,11f329f07dd58a3f,brake
00039,11bb55f86d9deeee,brake
0010c,0964ffa7aef024b2,brake
0016a,74002b8e05013278,brake
001da,05f204ab5e5284e4,brake
002a3,b09400b86b01a1c1,brake
002fd,0981fa59aa448655,brake
00356,8f16dc8b79f075e6,brake
0038d,fae0f5e08e75ee98,brake
003b7,8a473a6a5434b6b5,brake
003c2,c7bf13aa131a83dc,brake
003dd,972c3d70bdea967e,brake
00440,17e00db8d588ee38,brake
00480,d7e1FF1b7aa6540d,brake
004ab,feae034151654acd,brake
0057c,7c1589b466be6e54,brake
00592,2b2f6d0a1a701d5a,brake
00602,11bff2d98fd338ea,brake
00635,e3371d01256a28b4,brake
00798,c9d400003c6e3096,brake
007ef,11f329f07dd58a3f,brake
00039,11bb55f86d9deeee,brake
0010c,0964ffa7aef024b2,brake
0016a,74002b8e05013278,brake
001da,05f204ab5e5284e4,brake
002a3,b09400b86b01a1c1,brake
002fd,0981fa59aa448655,brake
00356,8f6438551f5ab5ad,brake
0038d,1cda89e29f6433ff,brake
003b7,8a473a6a5434b6b5,brake
003c2,c7bf13aa131a83dc,brake
003dd,7dac664c58bb65bb,brake
00440,b7d4ea0228b08946,brake
00480,d7e1FF1b7aa6540d,brake
004ab,62f7c6f97c0513a4,brake
0057c,7c1589b466be6e54,brake
00592,ee010ee098e47ee9,brake
00602,298c01663ef177ca,brake
00635,ec54b3b3575aec6a,brake
00798,c9d400003c6e3096,brake
007ef,9970d71d8ce90a07,brake
00039,11bb55f86d9deeee,brake
0010c,0964ffa7aef024b2,brake
0016a,74002b8e05013278,brake
001da,05f204ab5e5284e4,brake
002a3,b09400b86b01a1c1,brake
002fd,0981fa59aa448655,brake
00356,8f6438551f5ab5ad,brake
0038d,1cda89e29f6433ff,brake
003b7,8a473a6a5434b6b5,brake
003c2,c7bf13aa131a83dc,brake
003dd,7dac664c58bb65bb,brake
00440,b7d4ea0228b08946,brake
00480,d7e1FF1b7aa6540d,brake
004ab,62f7c6f97c0513a4,brake
0057c,7c1589b466be6e54,brake
00592,ee010ee098e47ee9,brake
00602,298c01663ef177ca,brake
00635,ec54b3b3575aec6a,brake
00798,c9d400003c6e3096,brake
007ef,9970d71d8ce90a07,brake
00039,11bb55f86d9deeee,brake
0010c,0964ffa7aef024b2,brake
0016a,74002b8e05013278,brake
001da,05f204ab5e5284e4,brake
002a3,b09400b86b01a1c1,brake
002fd,0981fa59aa448655,brake
00356,8f6438551f5ab5ad,brake
0038d,1cda89e29f6433ff,brake
003b7,8a473a6a5434b6b5,brake
003c2,c7bf13aa131a83dc,brake
003dd,7dac664c58bb65bb,brake
00440,b7d4ea0228b08946,brake
00480,d7e1FF1b7aa6540d,brake
004ab,62f7c6f97c0513a4,brake
0057c,7c1589b466be6e54,brake
00592,ee010ee098e47ee9,brake
00602,298c01663ef177ca,brake
00635,ec54b3b3575aec6a,brake
00798,c9d400003c6e3096,brake
007ef,9970d71d8ce90a07,brake
00039,11bb55f86d9deeee,brake
0010c,28ee3a6d5ff7d829,brake
0016a,74002b8e05013278,brake
001da,05f204ab5e5284e4,brake
002a3,b09400b86b01a1c1,brake
002fd,0981fa59aa448655,brake
00356,8f16dc8b79f075e6,brake
0038d,ab6fe7012e40df04,brake
003b7,8a473a6a5434b6b5,brake
003c2,c7bf13aa131a83dc,brake
003dd,f62042d729c0047c,brake
00440,17e00db8d588ee38,brake
00480,d7e1FF1b7aa6540d,brake
004ab,62c25387805e5007,brake
0057c,7c1589b466be6e54,brake
00592,ee010ee098e47ee9,brake
00602,11bff2d98fd338ea,brake
00635,ec54b3b3575aec6a,brake
00798,c9d400003c6e3096,brake
007ef,11f329f07dd58a3f,brake
00039,11bb55f86d9deeee,brake
0010c,28ee3a6d5ff7d829,brake
0016a,74002b8e05013278,brake
001da,05f204ab5e5284e4,brake
002a3,b09400b86b01a1c1,brake
002fd,0981fa59aa448655,brake
00356,8f16dc8b79f075e6,brake
0038d,ab6fe7012e40df04,brake
003b7,8a473a6a5434b6b5,brake
003c2,c7bf13aa131a83dc,brake
003dd,f62042d729c0047c,brake
00440,17e00db8d588ee38,brake
00480,d7e1FF1b7aa6540d,brake
004ab,62c25387805e5007,brake
0057c,7c1589b466be6e54,brake
00592,ee010ee098e47ee9,brake
00602,11bff2d98fd338ea,brake
00635,ec54b3b3575aec6a,brake
00798,c9d400003c6e3096,brake
007ef,11f329f07dd58a3f,brake
00039,11bb55f86d9deeee,brake
0010c,28ee3a6d5ff7d829,brake
0016a,74002b8e05013278,brake
001da,05f204ab5e5284e4,brake
002a3,b09400b86b01a1c1,brake
002fd,0981fa59aa448655,brake
00356,8f16dc8b79f075e6,brake
0038d,ab6fe7012e40df04,brake
003b7,8a473a6a5434b6b5,brake
003c2,c7bf13aa131a83dc,brake
003dd,f62042d729c0047c,brake
00440,17e00db8d588ee38,brake
00480,d7e1FF1b7aa6540d,brake
004ab,62c25387805e5007,brake
0057c,7c1589b466be6e54,brake
00592,ee010ee098e47ee9,brake
00602,11bff2d98fd338ea,brake
00635,ec54b3b3575aec6a,brake
00798,c9d400003c6e3096,brake
007ef,11f329f07dd58a3f,brake
00039,11bb55f86d9deeee,brake
0010c,28ee3a6d5ff7d829,brake
0016a,74002b8e05013278,brake
001da,05f204ab5e5284e4,brake
002a3,b09400b86b01a1c1,brake
002fd,0981fa59aa448655,brake
00356,8f6438551f5ab5ad,brake
0038d,a0621cba2b8b23a4,brake
003b7,8a473a6a5434b6b5,brake
003c2,c7bf13aa131a83dc,brake
003dd,f62042d729c0047c,brake
00440,b7d4ea0228b08946,brake
00480,d7e1FF1b7aa6540d,brake
004ab,7389d071f45aa8b6,brake
0057c,7c1589b466be6e54,brake
00592,c308bd9858bba837,brake
00602,298c01663ef177ca,brake
00635,e3371d01256a28b4,brake
00798,c9d400003c6e3096,brake
007ef,11f329f07dd58a3f,brake
00039,11bb55f86d9deeee,brake
0010c,28ee3a6d5ff7d829,brake
0016a,74002b8e05013278,brake
001da,05f204ab5e5284e4,brake
002a3,b09400b86b01a1c1,brake
002fd,0981fa59aa448655,brake
00356,8f6438551f5ab5ad,brake
0038d,a0621cba2b8b23a4,brake
003b7,8a473a6a5434b6b5,brake
003c2,c7bf13aa131a83dc,brake
003dd,f62042d729c0047c,brake
00440,b7d4ea0228b08946,brake
00480,d7e1FF1b7aa6540d,brake
004ab,7389d071f45aa8b6,brake
0057c,7c1589b466be6e54,brake
00592,c308bd9858bba837,brake
00602,298c01663ef177ca,brake
00635,e3371d01256a28b4,brake
00798,c9d400003c6e3096,brake
007ef,11f329f07dd58a3f,brake
00039,11bb55f86d9deeee,brake
0010c,28ee3a6d5ff7d829,brake
0016a,74002b8e05013278,brake
001da,05f204ab5e5284e4,brake
002a3,b09400b86b01a1c1,brake
002fd,0981fa59aa448655,brake
00356,8f6438551f5ab5ad,brake
0038d,a0621cba2b8b23a4,brake
003b7,8a473a6a5434b6b5,brake
003c2,c7bf13aa131a83dc,brake
003dd,f62042d729c0047c,brake
00440,b7d4ea0228b08946,brake
00480,d7e1FF1b7aa6540d,brake
004ab,7389d071f45aa8b6,brake
0057c,7c1589b466be6e54,brake
00592,c308bd9858bba837,brake
00602,298c01663ef177ca,brake
00635,e3371d01256a28b4,brake
00798,c9d400003c6e3096,brake
007ef,11f329f07dd58a3f,brake
00039,11bb55f86d9deeee,brake
0010c,0964ffa7aef024b2,brake
0016a,74002b8e05013278,brake
001da,05f204ab5e5284e4,brake
002a3,b09400b86b01a1c1,brake
002fd,0981fa59aa448655,brake
00356,8f6438551f5ab5ad,brake
0038d,1cda89e29f6433ff,brake
003b7,8a473a6a5434b6b5,brake
003c2,c7bf13aa131a83dc,brake
003dd,fd3649f4eaf3e110,brake
00440,b7d4ea0228b08946,brake
00480,d7e1FF1b7aa6540d,brake
004ab,62f7c6f97c0513a4,brake
0057c,7c1589b466be6e54,brake
00592,c308bd9858bba837,brake
00602,298c01663ef177ca,brake
00635,68dba816892bb303,brake
00798,c9d400003c6e3096,brake
007ef,11f329f07dd58a3f,brake
00039,11bb55f86d9deeee,brake
0010c,0964ffa7aef024b2,brake
0016a,74002b8e05013278,brake
001da,05f204ab5e5284e4,brake
002a3,b09400b86b01a1c1,brake
002fd,0981fa59aa448655,brake
00356,8f6438551f5ab5ad,brake
0038d,1cda89e29f6433ff,brake
003b7,8a473a6a5434b6b5,brake
003c2,c7bf13aa131a83dc,brake
003dd,fd3649f4eaf3e110,brake
00440,b7d4ea0228b08946,brake
00480,d7e1FF1b7aa6540d,brake
004ab,62f7c6f97c0513a4,brake
0057c,7c1589b466be6e54,brake
00592,c308bd9858bba837,brake
00602,298c01663ef177ca,brake
00635,68dba816892bb303,brake
00798,c9d400003c6e3096,brake
007ef,11f329f07dd58a3f,brake
00039,11bb55f86d9deeee,brake
0010c,0964ffa7aef024b2,brake
0016a,74002b8e05013278,brake
001da,05f204ab5e5284e4,brake
002a3,b09400b86b01a1c1,brake
002fd,0981fa59aa448655,brake
00356,8f6438551f5ab5ad,brake
0038d,1cda89e29f6433ff,brake
003b7,8a473a6a5434b6b5,brake
003c2,c7bf13aa131a83dc,brake
003dd,fd3649f4eaf3e110,brake
00440,b7d4ea0228b08946,brake
00480,d7e1FF1b7aa6540d,brake
004ab,62f7c6f97c0513a4,brake
0057c,7c1589b466be6e54,brake
00592,c308bd9858bba837,brake
00602,298c01663ef177ca,brake
00635,68dba816892bb303,brake
00798,c9d400003c6e3096,brake
007ef,11f329f07dd58a3f,brake
